{
  "xDimension": 299.9994,
  "yDimension": 299.9994,
  "depthOfCut": 1.99898,
  "targetDepth": 1.0007599999999999,
  "bitDiameter": 25.4,
  "stepover": 80,
  "feedRate": 7000.0063199999995,
  "spindleRpm": 24000,
  "patternType": "spiral",
  "invertOrientation": false,
  "mistM7": true,
  "floodM8": true
}